Ticker,Company,P/E Ratio,Forward P/E,Revenue (TTM),Gross Profits,Net Income,EBITDA,Market Cap,Sector,ESG score,ESG risk
AAPL,Apple Inc.,33.127186,25.074608,3.9576E+11,1.84103E+11,96150003712,1.37352E+11,3.13016E+12,Technology,18.9,Low
MSFT,Microsoft Corporation,31.259079,25.906355,2.61802E+11,1.81715E+11,92749996032,1.42041E+11,2.87918E+12,Technology,17.3,Low
NVDA,NVIDIA Corporation,36.20068,25.832525,1.30497E+11,97858002944,72879996928,83316998144,2.59689E+12,Technology,12.5,Low
AMZN,"Amazon.com, Inc.",33.793476,30.331705,6.37959E+11,3.11671E+11,59248001024,1.20468E+11,1.97964E+12,Consumer Cyclical,26.1,Medium
GOOGL,Alphabet Inc.,19.810946,17.776785,3.50018E+11,2.03712E+11,1.00118E+11,1.29497E+11,1.95366E+12,Communication Services,24.9,Medium
META,"Meta Platforms, Inc.",22.31687,21.073124,1.64501E+11,1.34371E+11,62359998464,83716997120,1.34591E+12,Communication Services,32.7,High
AVGO,Broadcom Inc.,87.106476,30.494326,54528999424,41581998080,10396999680,28841000960,8.84672E+11,Technology,19.2,Low
TSLA,"Tesla, Inc.",149.14368,80.09568,95724003328,16906999808,6106999808,12549999616,8.35871E+11,Consumer Cyclical,24.8,Medium
LLY,Eli Lilly and Company,73.54405,37.940422,45042700288,36624400384,10590000128,19268300800,7.72028E+11,Healthcare,23.6,Medium
WMT,Walmart Inc.,39.76763,35.23529,6.80985E+11,1.69232E+11,19435999232,42221998080,7.68335E+11,Consumer Defensive,25.3,Medium
V,Visa Inc.,33.910103,26.517378,36801998848,35997999104,19704999936,25575000064,6.47588E+11,Financial Services,14.9,Low
MA,Mastercard Incorporated,38.605625,32.68987,28167000064,28167000064,12874000384,17348999168,4.88183E+11,Financial Services,14.2,Low
XOM,Exxon Mobil Corporation,13.855866,13.803049,3.40568E+11,1.04667E+11,33679998976,64293998592,4.69856E+11,Energy,43.7,Severe
NFLX,"Netflix, Inc.",51.81247,46.125736,40173326336,18848788480,9269773312,11453826048,4.66796E+11,Communication Services,15.9,Low
COST,Costco Wholesale Corporation,56.813046,49.56707,2.64086E+11,33472000000,7621000192,12072999936,4.32804E+11,Consumer Defensive,29.1,Medium
UNH,UnitedHealth Group Incorporated,17.758476,14.188963,4.10057E+11,90168000512,22105999360,36238000128,3.86163E+11,Healthcare,16.6,Low
ORCL,Oracle Corporation,32.27934,19.205307,55782998016,39672999936,12160000000,22915999744,3.8561E+11,Technology,14.7,Low
PG,Procter & Gamble Company (The),25.322222,21.5,84346003456,43620999168,15192000512,24096000000,3.74018E+11,Consumer Defensive,25.8,Medium
JNJ,Johnson & Johnson,17.233593,14.616036,89330999296,61480001536,21809999872,30066749440,3.72772E+11,Healthcare,19.9,Low
HD,"Home Depot, Inc. (The)",24.088413,23.053846,1.59514E+11,53307998208,14805999616,25287000064,3.57456E+11,Consumer Cyclical,12.6,Low
ABBV,AbbVie Inc.,75.15416,14.869744,56334000128,39644999680,4238000128,26717999104,3.19071E+11,Healthcare,24.3,Medium
KO,Coca-Cola Company (The),29.479673,24.417507,47061000192,28736999424,10631000064,15376000000,3.12095E+11,Consumer Defensive,23.9,Medium
TMUS,"T-Mobile US, Inc.",27.168913,24.571695,81399996416,51926999040,11338999808,31079999488,2.98009E+11,Communication Services,23,Medium
PM,Philip Morris International Inc,26.824923,23.620834,38385999872,25212000256,7574000128,16176000000,2.64717E+11,Consumer Defensive,27.3,Medium
CRM,"Salesforce, Inc.",41.685043,23.78257,37895000064,29251999744,6197000192,11143000064,2.54377E+11,Technology,18.4,Low
PLTR,Palantir Technologies Inc.,567.2632,229.31915,2865507072,2299516928,462190016,341990016,2.52783E+11,Technology,21.7,Medium
CVX,Chevron Corporation,14.307613,12.596921,1.95568E+11,77298999296,17660999680,40080998400,2.42916E+11,Energy,37.3,High
MCD,McDonald's Corporation,27.787346,25.076923,25920000000,14709999616,8223000064,13948999680,2.2612E+11,Consumer Cyclical,28.5,Medium
ABT,Abbott Laboratories,16.912418,25.073645,42344001536,23677999104,13450999808,11002500096,2.24386E+11,Healthcare,20.4,Medium
CSCO,"Cisco Systems, Inc.",24.688597,14.433333,54175997952,35285999616,9187000320,14588999680,2.23938E+11,Technology,13.1,Low
IBM,International Business Machines,39.20171,21.614515,62753001472,35552002048,6015000064,10442000384,2.12649E+11,Technology,13.3,Low
LIN,Linde plc,33.00514,26.520943,33005000704,15861999616,6565000192,12668999680,2.12588E+11,Basic Materials,11.7,Low
GE,GE Aerospace,31.137224,37.673668,39680999424,12650999808,6896999936,9761000448,2.10516E+11,Industrials,32.5,High
MRK,"Merck & Company, Inc.",11.6046505,8.493617,64168001536,49470001152,17116999680,29134000128,2.00909E+11,Healthcare,20.2,Medium
T,AT&T Inc.,16.88957,12.290179,1.22934E+11,73633996800,11745999872,44349001728,1.98106E+11,Communication Services,22.1,Medium
NOW,"ServiceNow, Inc.",126.66262,56.201794,11468999680,9050999808,1538000000,2110000000,1.94264E+11,Technology,16.3,Low
PEP,"Pepsico, Inc.",19.86931,15.679027,91853996032,50418999296,9578000384,17340999680,1.85521E+11,Consumer Defensive,20.2,Medium
ACN,Accenture plc,24.04373,20.711443,67221491712,21633724416,7683452928,11472501760,1.8243E+11,Technology,11.1,Low
ISRG,"Intuitive Surgical, Inc.",74.61527,64.64758,8714900480,5846499840,2476100096,2939124992,1.82123E+11,Healthcare,17.9,Low
VZ,Verizon Communications Inc.,10.192858,9.05074,1.35292E+11,81199996928,17782999040,49379999744,1.80487E+11,Communication Services,19.7,Low
INTU,Intuit Inc.,57.46075,27.657671,17166999552,13703000064,3036999936,4713999872,1.71883E+11,Technology,13.4,Low
UBER,"Uber Technologies, Inc.",17.127193,33.09322,43977998336,14595000320,9856000000,3536000000,1.63327E+11,Technology,21.8,Medium
RTX,RTX Corporation,35.663742,19.962357,81738997760,15964999680,4600000000,13381999616,1.62946E+11,Industrials,29.8,Medium
QCOM,QUALCOMM Incorporated,15.880259,12.036796,40696000512,22787000320,10478999552,12584999936,1.62814E+11,Technology,13.6,Low
DIS,Walt Disney Company (The),29.224028,17.47767,92501999616,33984999424,5615000064,18449000448,1.62719E+11,Communication Services,15.9,Low
TMO,Thermo Fisher Scientific Inc,24.994728,18.163475,42898001920,17745000448,6513999872,10823000064,1.61061E+11,Healthcare,11.9,Low
BKNG,Booking Holdings Inc. Common St,27.933178,23.006767,23739000832,20384999424,5881999872,8179999744,1.57589E+11,Consumer Cyclical,14.8,Low
PGR,Progressive Corporation (The),17.894062,19.216667,78507999232,11758999552,8716000256,11573300224,1.55464E+11,Financial Services,19.3,Low
ADBE,Adobe Inc.,23.869709,17.56253,22037000192,19647000576,6751000064,8664999936,1.5382E+11,Technology,14.4,Low
AMD,"Advanced Micro Devices, Inc.",94.47,18.52353,25784999936,13671000064,1640999936,5150000128,1.53479E+11,Technology,12.5,Low
AMGN,Amgen Inc.,37.015873,13.538462,33423998976,22965999616,4089999872,15157000192,1.50456E+11,Healthcare,22.5,Medium
BSX,Boston Scientific Corporation,73.824814,36.250896,17553999872,12094000128,2031000064,4606249984,1.49593E+11,Healthcare,18.6,Low
SPGI,S&P Global Inc.,38.90542,28.629389,14208000000,9816999936,3852000000,6967000064,1.47594E+11,Financial Services,15.1,Low
TXN,Texas Instruments Incorporated,30.648394,27.57313,16049000448,9312000000,4848999936,7097999872,1.47291E+11,Technology,20.2,Medium
CAT,"Caterpillar, Inc.",13.910244,13.8537245,64809000960,21088000000,10791999488,15646000128,1.46658E+11,Industrials,28.3,Medium
BLK,"BlackRock, Inc.",22.271755,18.6611,20955000832,10435000320,6305999872,8436250112,1.4204E+11,Financial Services,18.3,Low
TJX,"TJX Companies, Inc. (The)",29.694834,27.5,56360001536,17248000000,4864000000,7406000128,1.41313E+11,Consumer Cyclical,15.7,Low
DHR,Danaher Corporation,38.007736,23.448687,23819999232,14245000192,3764999936,7464000000,1.40629E+11,Healthcare,8.5,Negligible
SYK,Stryker Corporation,46.527058,26.685144,22595000320,14545000448,2992999936,6006000128,1.37809E+11,Healthcare,21.1,Medium
NEE,"NextEra Energy, Inc.",24.850185,18.02989,25269000192,15374000128,5511000064,13605000192,1.3659E+11,Utilities,25,Medium
GILD,"Gilead Sciences, Inc.",279.3421,14.286676,28753999872,22503000064,480000000,13454000128,1.3233E+11,Healthcare,21.7,Medium
PFE,"Pfizer, Inc.",16.156029,7.774744,63627001856,47206998016,8019999744,23321999360,1.29196E+11,Healthcare,18.3,Low
HON,Honeywell International Inc.,23.047073,18.232515,38498000896,14661999616,5704999936,9536000000,1.29127E+11,Industrials,28,Medium
UNP,Union Pacific Corporation,19.409908,17.791082,24249999360,13491999744,6746999808,12165999616,1.29123E+11,Industrials,20.1,Medium
DE,Deere & Company,20.571745,20.952188,47855001600,13676999680,6217999872,10081000448,1.26075E+11,Industrials,16.2,Low
CMCSA,Comcast Corporation,8.174876,7.5776253,1.23731E+11,86704996352,16192000000,38100000768,1.25492E+11,Communication Services,21.9,Medium
LOW,"Lowe's Companies, Inc.",18.156174,17.581156,83673997312,27876999168,6940000256,12615000064,1.24283E+11,Consumer Cyclical,11.9,Low
AMAT,"Applied Materials, Inc.",19.65576,15.49742,27634999296,13189000192,6343000064,8480999936,1.22004E+11,Technology,11.6,Low
ADP,"Automatic Data Processing, Inc.",30.68229,27.097515,19903399936,9599599616,3933700096,5859299840,1.19844E+11,Technology,15.1,Low
PANW,"Palo Alto Networks, Inc.",98.89887,24.449999,8570500096,6329900032,1254499968,1365500032,1.16556E+11,Technology,12.9,Low
COP,ConocoPhillips,11.754162,11.43213,56449998848,27687000064,9217999872,24308000768,1.16051E+11,Energy,33.1,High
CB,Chubb Limited,13.583815,11.944091,56215998464,15057999872,8460000256,10838750208,1.13011E+11,Financial Services,23.3,Medium
ETN,"Eaton Corporation, PLC",30.212631,23.819086,24878000128,9502999552,3793999872,5593999872,1.12446E+11,Industrials,21.3,Medium
LMT,Lockheed Martin Corporation,20.12112,16.606544,71810998272,7346999808,5503000064,8575000064,1.09372E+11,Industrials,28.1,Medium
MDT,Medtronic plc.,25.701221,14.410257,33198999552,21775998976,4260000000,9409999872,1.08118E+11,Healthcare,18.7,Low
MMC,"Marsh & McLennan Companies, Inc",26.86626,23.219513,25045999616,11100000256,4040999936,7417999872,1.07888E+11,Financial Services,20,Low
SO,Southern Company (The),22.81955,21.07639,26723999744,13342000128,4400999936,12944000000,1.00172E+11,Utilities,28.2,Medium
BMY,Bristol-Myers Squibb Company,18.16791,6.926031,48299999232,36351000576,-8947999744,19406999552,99072458752,Healthcare,21.2,Medium
MO,"Altria Group, Inc.",8.977064,10.973832,20444000256,14337999872,11235999744,12387000320,99005014016,Consumer Defensive,28.8,Medium
FI,"Fiserv, Inc.",31.365248,17.360157,20455999488,12442999808,3131000064,8974000128,98811740160,Technology,19.2,Low
AMT,American Tower Corporation (REI,30.478323,31.061857,10127200256,7552799744,3233299968,6637400064,98730770432,Real Estate,12.6,Low
GEV,GE Vernova Inc.,51.79454,52.244926,35706998784,6610999808,1936000000,2408999936,98390335488,Industrials,22.5,Medium
ELV,"Elevance Health, Inc.",16.69743,12.268669,1.83124E+11,50790998016,5917000192,9834999808,96878673920,Healthcare,9.3,Negligible
ADI,"Analog Devices, Inc.",62.57372,25.892572,9337626624,5337704960,1563862016,4111152128,96829390848,Technology,16.7,Low
WELL,Welltower Inc.,92.34375,81.18131,7991117824,3150781952,951680000,2962831104,96264445952,Real Estate,11.6,Low
PLD,"Prologis, Inc.",25.77556,29.363636,8733704192,6660436992,3732992000,6186884608,95812345856,Real Estate,10.9,Low
SBUX,Starbucks Corporation,27.051615,22.54301,36148699136,9440300032,3517299968,6416799744,95259090944,Consumer Cyclical,22.3,Medium
CME,CME Group Inc.,26.459295,25.387655,6274699776,6274699776,3581299968,4420800000,94878031872,Financial Services,18.3,Low
ANET,"Arista Networks, Inc.",33.762333,7.7379246,7003146240,4491302912,2852054016,2989873920,94536376320,Technology,16.5,Low
DUK,Duke Energy Corporation (Holdin,21.175438,19.037853,29934000128,15194999808,4392000000,14355000320,93786554368,Utilities,26.3,Medium
ICE,Intercontinental Exchange Inc.,34.096233,24.18101,9278999552,9278999552,2753999872,5634999808,93631676416,Financial Services,18.9,Low
APH,Amphenol Corporation,36.72947,35.199074,16777400320,5773799936,2613100032,4452499968,92131631104,Technology,18,Low
KLAC,KLA Corporation,28.991589,21.006094,10846956544,6473629184,3208365056,4543885824,91614953472,Technology,13.1,Low
WM,"Waste Management, Inc.",33.45147,28.187115,22062999552,8679999488,2745999872,6576000000,91518459904,Industrials,18.7,Low
CI,The Cigna Group,27.69802,10.718391,2.47121E+11,25963999232,3433999872,11445999616,91010957312,Healthcare,13,Low
LRCX,Lam Research Corporation,19.749304,16.604216,17135705088,8234723840,4658411008,5667103232,90961862656,Technology,12.2,Low
MU,"Micron Technology, Inc.",18.521532,6.01554,31323000832,10880000000,4672000000,14104000512,86522273792,Technology,18.6,Low
NKE,"Nike, Inc.",19.428572,18.105263,47817998336,20956000256,4508000256,5782000128,86315892736,Consumer Cyclical,18.4,Low
MCK,McKesson Corporation,31.550413,18.702253,3.44583E+11,13123999744,2825999872,6313999872,86278176768,Healthcare,12.6,Low
MDLZ,"Mondelez International, Inc.",19.157894,19.10204,36441001984,14257000448,4610999808,7744000000,84883775488,Consumer Defensive,22,Medium
AJG,Arthur J. Gallagher & Co.,51.003075,29.39007,10927399936,4773100032,1462700032,3629600000,84781268992,Financial Services,20,Low
CTAS,Cintas Corporation,48.779068,44.81838,10143464448,5063624192,1772107008,2664393984,84694327296,Industrials,17,Low
SHW,Sherwin-Williams Company (The),31.760685,26.169014,23098499072,11195100160,2681400064,4399000064,84115005440,Basic Materials,29.4,Medium
HCA,"HCA Healthcare, Inc.",15.525694,13.906721,70602997760,28678000640,5760000000,13859000320,84056170496,Healthcare,27.8,Medium
UPS,"United Parcel Service, Inc.",14.654815,11.228149,91069997056,19359000576,5782000128,11619999744,83837870080,Industrials,20.8,Medium
CVS,CVS Health Corporation,18.010927,10.172839,3.70656E+11,49248002048,4614000128,12615999488,83216089088,Healthcare,18.3,Low
EQIX,"Equinix, Inc.",96.14,61.075485,8737000448,4270000128,815000000,3624999936,79936143360,Real Estate,13.1,Low
MCO,Moody's Corporation,38.025948,33.001503,7225999872,5256999936,2106000000,3320000000,79097143296,Financial Services,15,Low
AON,Aon plc,29.250801,20.99195,15697999872,7367000064,2654000128,5074999808,78851162112,Financial Services,14.4,Low
DASH,"DoorDash, Inc.",668.6429,105.17978,10721999872,5298999808,123000000,295000000,78650376192,Communication Services,23.5,Medium
FTNT,"Fortinet, Inc.",44.566372,41.79253,5955800064,4798199808,1745200000,1921600000,77451067392,Technology,16,Low
CDNS,"Cadence Design Systems, Inc.",73,41.135765,4641264128,3993762048,1055484032,1586062976,77296197632,Technology,14.5,Low
ORLY,"O'Reilly Automotive, Inc.",33.108963,30.088343,16869163008,8641802240,2377926912,3715109888,77091946496,Consumer Cyclical,11.8,Low
TT,Trane Technologies plc,30.22379,27.117788,19838199808,7080500224,2592600064,3804699904,76940787712,Industrials,14.8,Low
PH,Parker-Hannifin Corporation,24.631037,20.272078,19907747840,7217325056,3158499072,4983438848,76848242688,Industrials,29.5,Medium
TDG,Transdigm Group Incorporated,48.305794,31.463202,8157000192,4892000256,1644000000,4123000064,76724854784,Industrials,38.1,High
ABNB,"Airbnb, Inc.",29.613138,27.046667,11102000128,9223999488,2648000000,2584000000,75623292928,Consumer Cyclical,23.3,Medium
RSG,"Republic Services, Inc.",37.04,35.35389,16032000000,6863000064,2043000064,4935000064,75230035968,Industrials,17,Low
CL,Colgate-Palmolive Company,26.410255,24.015543,20100999168,12181000192,2888999936,4855000064,75187486720,Consumer Defensive,23.2,Medium
MMM,3M Company,17.295145,17.579748,24512999424,10101999616,4419999744,5189000192,74742579200,Industrials,43,Severe
GD,General Dynamics Corporation,18.86875,16.897388,49208000512,7596000256,3976999936,5898999808,72925872128,Industrials,33.4,High
WMB,"Williams Companies, Inc. (The)",32.752747,28.521532,10753000448,6456000000,2222000128,5593999872,72765333504,Energy,19.6,Low
MSI,"Motorola Solutions, Inc.",46.285408,29.144999,10817000448,5523999744,1576999936,3168000000,71483965440,Technology,17.9,Low
ITW,Illinois Tool Works Inc.,20.654436,22.623365,15898000384,7040000000,3488000000,4694000128,71015112704,Industrials,26.3,Medium
CEG,Constellation Energy Corporatio,18.356062,24.365364,23567998976,5990000128,3748999936,6973000192,68323516416,Utilities,28.5,Medium
ECL,Ecolab Inc.,32.47561,31.956,15741400064,6847000064,2112400000,3605499904,67978317824,Basic Materials,23.9,Medium
ZTS,Zoetis Inc.,27.842781,24.022081,9255999488,6537999872,2486000128,3828999936,67935088640,Healthcare,15.1,Low
SNPS,"Synopsys, Inc.",52.625896,29.515804,6071761920,4939127808,1299943040,1445152000,67862716416,Technology,17.3,Low
CMG,"Chipotle Mexican Grill, Inc.",43.84071,37.816795,11487257600,4627334144,1561421952,2331026944,66748215296,Consumer Cyclical,22.5,Medium
NOC,Northrop Grumman Corporation,18.281485,16.502851,40368001024,7808999936,3711000064,6341000192,66648739840,Industrials,30.3,High
DELL,Dell Technologies Inc.,14.796238,10.042554,95567003648,21404999680,4592000000,9728000000,65876193280,Technology,15.9,Low
REGN,"Regeneron Pharmaceuticals, Inc.",15.651358,13.236813,14202000384,7099500032,4412599808,4627999744,65568763904,Healthcare,18.4,Low
MAR,Marriott International,28.328535,22.288677,6617999872,5417999872,2375000064,4257999872,65059622912,Consumer Cyclical,20.5,Medium
WDAY,"Workday, Inc.",122.09793,28.538553,8446000128,6376999936,526000000,825000000,63358459904,Technology,16.2,Low
PYPL,"PayPal Holdings, Inc.",16.233082,13.2453985,31797000192,12890000384,4147000064,6166000128,63305871360,Financial Services,19,Low
EOG,"EOG Resources, Inc.",10.076376,10.258589,23477999616,14467000320,6402999808,12565000192,62578180096,Energy,38,High
NEM,Newmont Corporation,12.687927,14.543081,19669000192,10382999552,5005000192,9850999808,61994098688,Basic Materials,27.3,Medium
AZO,"AutoZone, Inc.",24.212837,20.707031,18672517120,9919842304,2606789888,4320432128,60384751616,Consumer Cyclical,11,Low
ROP,"Roper Technologies, Inc.",39.055126,27.955044,7039200256,4878300160,1549299968,2809600000,60099084288,Technology,19.4,Low
CPRT,"Copart, Inc.",41.590603,35.614944,4506402816,2051908992,1454343936,1829825024,59868782592,Industrials,18.3,Low
APD,"Air Products and Chemicals, Inc",15.54945,18.973183,12034700288,3916699904,3850200064,4330200064,59812675584,Basic Materials,14.8,Low
KMI,"Kinder Morgan, Inc.",23.163794,21.325397,15498999808,7790000128,2568999936,6575000064,59725828096,Energy,21.7,Medium
EMR,Emerson Electric Company,29.59155,16.621836,17550000128,9203999744,2034000000,4727000064,59237699584,Industrials,22.8,Medium
TRV,"The Travelers Companies, Inc.",14.183005,12.254117,47004999680,11543000064,4238000128,6377999872,58998562816,Financial Services,19.8,Low
SPG,"Simon Property Group, Inc.",21.51515,23.038347,5963798016,4920384000,2367558912,4423502848,58882088960,Real Estate,12.5,Low
BDX,"Becton, Dickinson and Company",34.361343,12.9974575,20640000000,9550999552,1727000064,5496000000,58704752640,Healthcare,23.7,Medium
ADSK,"Autodesk, Inc.",53.172207,29.598038,6130999808,5638000128,1112000000,1456999936,57874227200,Technology,15.1,Low
RCL,Royal Caribbean Cruises Ltd.,19.297716,14.787264,16485000192,8055000064,2876999936,5718000128,57382498304,Consumer Cyclical,18.6,Low
MNST,Monster Beverage Corporation,39.322147,31.33155,7492708864,4048878080,1509048064,2137827968,57017384960,Consumer Defensive,32.9,High
AEP,American Electric Power Company,19.121864,18.11545,19721299968,9332299776,2967099904,7823600128,56976519168,Utilities,21.9,Medium
COR,"Cencora, Inc.",39.998585,17.261003,3.03193E+11,9897745408,1396220032,4175311104,54702616576,Healthcare,12.4,Low
HWM,Howmet Aerospace Inc.,47.336884,42.110413,7430000128,2292999936,1152999936,1884000000,53991903232,Industrials,23.6,Medium
OKE,"ONEOK, Inc.",16.688587,14.452262,21698000896,8386999808,3033999872,6195999744,53892386816,Energy,26.4,Medium
JCI,Johnson Controls International ,37.7277,19.178997,23168999424,8224999936,1430000000,3343000064,53048770560,Industrials,15.9,Low
CSX,CSX Corporation,16.75,13.862069,14282000384,6789000192,3236000000,6789000192,52862394368,Industrials,21.1,Medium
DLR,"Digital Realty Trust, Inc.",95.496895,127.06611,5434829824,2915715072,561766016,2413808896,52718415872,Real Estate,12.6,Low
FCX,"Freeport-McMoRan, Inc.",30.844263,17.421295,25454999552,10067000320,1883000064,9536000000,52682002432,Basic Materials,28.1,Medium
HLT,Hilton Worldwide Holdings Inc.,35.726387,27.454319,4745999872,3620000000,1535000064,2500999936,52561727488,Consumer Cyclical,17.5,Low
CARR,Carrier Global Corporation,49.434425,19.838816,22485999616,6023000064,1108000000,3561999872,52107116544,Industrials,16.2,Low
PAYX,"Paychex, Inc.",29.919088,27.260872,5439499776,3917799936,1740000000,2427800064,51943149568,Technology,16.7,Low
FDX,FedEx Corporation,13.56541,9.480879,87814995968,23871000576,3912999936,10992000000,51679109120,Industrials,19.1,Low
MET,"MetLife, Inc.",12.771044,7.8286896,70982000640,17525999616,4225999872,6258999808,51677958144,Financial Services,15.1,Low
ALL,Allstate Corporation (The),11.4691,10.239621,64106000384,15091000320,4550000128,6776999936,51664986112,Financial Services,24.7,Medium
PSA,Public Storage,27.611841,27.637817,4715437056,3441929984,1872685056,3335252992,51535761408,Real Estate,13.1,Low
NSC,Norfolk Southern Corporation,15.483605,16.692194,12112000000,5998000128,3316000000,5998000128,51103645696,Industrials,23.2,Medium
O,Realty Income Corporation,58.316326,35.943398,5278935040,4901259776,847892992,4759065088,50964602880,Real Estate,15.5,Low
GWW,"W.W. Grainger, Inc.",26.314228,24.20209,17168000000,6758000128,1908999936,2908999936,49093881856,Industrials,15,Low
NXPI,NXP Semiconductors N.V.,19.873718,14.810253,12613999616,7146999808,2510000128,4421000192,49093226496,Technology,16.7,Low
PCAR,PACCAR Inc.,11.731646,11.943298,33663799296,5930299904,4161999872,5364700160,48650977280,Industrials,31.4,High
SRE,DBA Sempra,16.859728,14.4980545,13185000448,5399000064,2816999936,5297999872,48580554752,Utilities,23.2,Medium
AIG,"American International Group, I",20.257984,12.28763,27026999296,9034999808,2200000000,7824999936,48132079616,Financial Services,23.3,Medium
CHTR,"Charter Communications, Inc.",9.589076,9.371996,55084998656,30126000128,5082999808,21895000064,47621554176,Communication Services,22.9,Medium
SLB,Schlumberger N.V.,11.231512,9.517711,36288999424,7503000064,4461000192,8254000128,47499907072,Energy,18.5,Low
FICO,Fair Isaac Corporation,88.47922,52.10681,1775435008,1423345024,544273984,776336000,47341060096,Technology,20.1,Medium
KR,Kroger Company (The),19.441416,15.578603,1.47123E+11,34574000128,2644999936,7923999744,47154786304,Consumer Defensive,22.8,Medium
FAST,Fastenal Company,41.05,37.488583,7610299904,3424199936,1151600000,1690899968,47094284288,Industrials,18.8,Low
KDP,Keurig Dr Pepper Inc.,31.32727,16.809755,15351000064,8528999936,1440999936,4128999936,46802878464,Consumer Defensive,23.9,Medium
EXC,Exelon Corporation,18.910204,17.615969,23028000768,9404999680,2460000000,7189000192,46771990528,Utilities,19,Low
ROST,"Ross Stores, Inc.",22.140821,20.916292,21129218048,6915862016,2090729984,3032374016,46013739008,Consumer Cyclical,17,Low
AXON,"Axon Enterprise, Inc.",123.57112,95.269356,2082525952,1241988992,377033984,125274000,45982531584,Industrials,30.5,High
D,"Dominion Energy, Inc.",24.249998,15.784022,14458999808,6885000192,1848999936,7217999872,45465669632,Utilities,34,High
GM,General Motors Company,7.359498,4.435194,1.87442E+11,23149000704,7189000192,18688999424,45299257344,Consumer Cyclical,27,Medium
EW,Edwards Lifesciences Corporatio,31.567225,30.665304,5522299904,4390099968,1440300032,1688199936,44007772160,Healthcare,22,Medium
KMB,Kimberly-Clark Corporation,18.029972,17.34469,19748999168,7199000064,2464999936,3860000000,43912527872,Consumer Defensive,24.3,Medium
KVUE,Kenvue Inc.,42.129627,18.647541,15454999552,8986000384,1030000000,3564999936,43650199552,Consumer Defensive,23.8,Medium
TGT,Target Corporation,10.757337,9.068505,1.06566E+11,30064001024,4091000064,8720000000,43420946432,Consumer Defensive,18.1,Low
NDAQ,"Nasdaq, Inc.",33.819004,23.802546,7400000000,4648999936,1116999936,2616999936,42986336256,Financial Services,13.6,Low
MPC,Marathon Petroleum Corporation,13.64484,13.484313,1.39336E+11,13095999488,3441999872,9095000064,42847973376,Energy,27.1,Medium
PSX,Phillips 66,20.979961,11.031612,1.43153E+11,13191000064,2107000064,4160999936,42654580736,Energy,33,High
FIS,Fidelity National Information S,56.246483,13.987741,10126999552,3804000000,787000000,2724999936,42306502656,Technology,18.2,Low
VST,Vistra Corp.,17.772533,18.004349,17223999488,7525000192,2467000064,6766000128,42257702912,Utilities,29.5,Medium
CTVA,"Corteva, Inc.",50.581966,19.224298,16908000256,7378999808,851000000,3179000064,42148851712,Basic Materials,33.8,High
URI,"United Rentals, Inc.",16.779678,13.814767,15578999808,6223000064,2551000064,4584999936,42077753344,Industrials,15.7,Low
PWR,"Quanta Services, Inc.",46.70861,27.767717,23672795136,3510760960,904824000,2045369984,41828237312,Industrials,36.6,High
YUM,"Yum! Brands, Inc.",28.272032,24.273027,7549000192,3584000000,1486000000,2713999872,41103540224,Consumer Cyclical,20.5,Medium
MSCI,MSCI Inc.,36.49243,31.138494,2921989120,2399331072,1141773952,1691549952,41053319168,Financial Services,14.4,Low
HES,Hess Corporation,14.74165,17.418423,12661999616,10042000384,2768999936,7306999808,40946462720,Energy,37.4,High
PEG,Public Service Enterprise Group,23.084745,20.078623,10289999872,3540999936,1772000000,3804999936,40742404096,Utilities,25.3,Medium
CMI,Cummins Inc.,10.361649,13.053286,34101999616,8551000064,3945999872,4841999872,40490934272,Industrials,22.8,Medium
XEL,Xcel Energy Inc.,20.673529,18.352482,13441000448,5982000128,1936000000,5281999872,40487813120,Utilities,29.5,Medium
LHX,"L3Harris Technologies, Inc.",25.654804,15.029187,21325000704,5523999744,1502000000,3927000064,40430813184,Industrials,24.3,Medium
VRSK,"Verisk Analytics, Inc.",43.279278,39.539093,2881700096,1980600064,951400000,1374200064,40337743872,Industrials,17.6,Low
ED,"Consolidated Edison, Inc.",21.23855,19.802492,15256000512,8167000064,1820000000,5438000128,40086659072,Utilities,21.1,Medium
FANG,"Diamondback Energy, Inc.",8.761905,9.300547,10561000448,7998000128,3316999936,7730999808,40042344448,Energy,37.3,High
F,Ford Motor Company,6.890411,5.748572,1.84992E+11,15548000256,5879000064,11066999808,40004091904,Consumer Cyclical,27.6,Medium
OXY,Occidental Petroleum Corporatio,17.862831,12.775316,26724999168,16920999936,2225999872,12963999744,39629975552,Energy,37.8,High
DHI,"D.R. Horton, Inc.",9.562974,7.9121156,35315298304,8514800128,4292199936,5613000192,38717091840,Consumer Cyclical,21.6,Medium
AME,"AMETEK, Inc.",28.154882,22.90959,6941179904,2476466944,1376124032,2162489088,38590132224,Industrials,14.7,Low
TRGP,"Targa Resources, Inc.",30.890053,21.428572,16381500416,5678499840,1269500032,4128999936,38512541696,Energy,35.8,High
GRMN,Garmin Ltd.,27.23803,26.690348,6296903168,3696555008,1411436032,1773729024,38356746240,Technology,21,Medium
EA,Electronic Arts Inc.,37.198475,17.138336,7346999808,5832000000,1049000000,1896000000,38099746816,Communication Services,12.1,Low
GLW,Corning Incorporated,75.655174,18.995672,13118000128,4487000064,506000000,2736999936,37595377664,Technology,17.5,Low
PRU,"Prudential Financial, Inc.",13.8706665,7.0816884,70404997120,16551000064,2695000064,3592999936,36871041024,Financial Services,18.6,Low
CBRE,CBRE Group Inc,37.57798,20.48,35767001088,7020000256,968000000,2151000064,36846428160,Real Estate,9,Negligible
OTIS,Otis Worldwide Corporation,24.277487,22.13365,14174000128,4257999872,1535000064,2396000000,36690632704,Industrials,18.8,Low
ETR,Entergy Corporation,34.681633,10.978037,11879653376,5738287104,1055590016,5048772096,36602695680,Utilities,24.9,Medium
BKR,Baker Hughes Company,12.416383,14.1556425,27837999104,5945999872,2926000128,4622000128,36043485184,Energy,19.1,Low
IDXX,"IDEXX Laboratories, Inc.",41.32896,36.87124,3897504000,2378927104,887867008,1319773056,35736580096,Healthcare,16.3,Low
CTSH,Cognizant Technology Solutions ,15.991131,14.452907,19736000512,6777999872,2240000000,3519000064,35671707648,Technology,15.3,Low
VLO,Valero Energy Corporation,38.82192,11.74715,1.23974E+11,6233999872,2761999872,6618999808,35647299584,Energy,30.9,High
SYY,Sysco Corporation,18.6,14.743902,80569999360,14849999872,1932000000,4465999872,35488747520,Consumer Defensive,15.3,Low
KHC,The Kraft Heinz Company,13.115044,9.654723,25845999616,8976000000,2744000000,6466999808,35372376064,Consumer Defensive,31.2,High
CSGP,"CoStar Group, Inc.",244.76471,74.30357,2736199936,2177700096,138700000,151600000,35099119616,Real Estate,21.7,Medium
ACGL,Arch Capital Group Ltd.,8.267504,10.188053,17440000000,6447000064,4272000000,4856000000,34757525504,Financial Services,20.4,Medium
WEC,"WEC Energy Group, Inc.",22.595436,20.863987,8599900160,3791699968,1527200000,3435699968,34751983616,Utilities,22.9,Medium
RMD,ResMed Inc.,26.528091,22.944607,5021529088,2981164032,1313254016,1763113984,34618638336,Healthcare,24.7,Medium
VICI,VICI Properties Inc.,12.6796875,11.890109,3849204992,3817743104,2678810112,3544492032,34300481536,Real Estate,13.9,Low
HIG,"The Hartford Insurance Group, I",11.520772,10.270456,26560000000,9404000256,3089999872,4322999808,34030499840,Financial Services,17,Low
BRO,"Brown & Brown, Inc.",34.034683,28.792175,4712000000,2305999872,981000000,1596000000,33753313280,Financial Services,19.2,Low
ODFL,"Old Dominion Freight Line, Inc.",29.86842,26.932201,5729594880,2277443072,1148429056,1841815552,33710157824,Industrials,15.9,Low
HSY,The Hershey Company,15.0174,19.522621,11202263040,5311705088,2221239040,3448375040,33218308096,Consumer Defensive,25,Medium
VMC,Vulcan Materials Company (Holdi,36.10854,27.479074,7417699840,1999600000,919500032,2050400000,32960520192,Basic Materials,28.2,Medium
CAH,"Cardinal Health, Inc.",25.29609,15.722221,2.22276E+11,7660000256,1312000000,2990000128,32814596096,Healthcare,11.3,Low
LULU,lululemon athletica inc.,18.48634,18.12726,10588126208,6270811136,1814616064,2952220928,32649199616,Consumer Cyclical,14.1,Low
HUM,Humana Inc.,26.809809,15.904393,1.17761E+11,17096999936,1207000064,3351000064,32325203968,Healthcare,18.9,Low
IT,"Gartner, Inc.",26.115625,31.679304,6267410944,4244389120,1253714944,1308814976,32199186432,Technology,16.7,Low
EFX,"Equifax, Inc.",52.382896,27.332626,5733700096,3236000000,612300032,1778300032,31943985152,Industrials,22.2,Medium
WAB,Westinghouse Air Brake Technolo,28.965626,21.835102,10499999744,3484999936,1103000064,2184999936,31723337728,Industrials,22.7,Medium
EXR,Extra Space Storage Inc,35.200993,29.677824,3337904128,2839529984,853185984,2259747072,31433197568,Real Estate,13.8,Low
EBAY,eBay Inc.,17.012657,12.873563,10282999808,7402999808,1980999936,2577999872,31315197952,Consumer Cyclical,15.4,Low
GIS,"General Mills, Inc.",12.393406,11.997872,19644299264,6949700096,2558700032,4205700096,30879221760,Consumer Defensive,26,Medium
MLM,"Martin Marietta Materials, Inc.",15.7224455,24.43618,6536000000,1898000000,1995000064,2056999936,30860703744,Basic Materials,23.9,Medium
GEHC,GE HealthCare Technologies Inc.,15.456221,14.364026,19672000512,8205000192,1992999936,3606000128,30712109056,Healthcare,21.5,Medium
TPL,Texas Pacific Land Corporation,67.56651,18.268463,705822976,659699008,453960000,569491008,30702866432,Energy,14.1,Low
LYV,"Live Nation Entertainment, Inc.",48.615383,54.842976,23155625984,5827470848,638211008,1796599040,30673315840,Communication Services,17.2,Low
CNC,Centene Corporation,9.759113,8.747159,1.47169E+11,21461999616,3304999936,6188000256,30547376128,Healthcare,15.4,Low
IR,Ingersoll Rand Inc.,36.76699,21.39548,7234999808,3169999872,838600000,1936300032,30529505280,Industrials,19,Low
A,"Agilent Technologies, Inc.",24.54587,18.941591,6533000192,3526000128,1259000064,1802000000,30511722496,Healthcare,10.1,Low
VTR,"Ventas, Inc.",360.05264,427.56253,4889014784,2062112000,81153000,1875022976,29942921216,Real Estate,11.2,Low
AVB,"AvalonBay Communities, Inc.",27.165571,37.315884,2964439040,1890982016,1079924992,1813284992,29431941120,Real Estate,8.1,Negligible
EQT,EQT Corporation,80.03278,19.373016,6154968064,4211763968,369228000,2864766464,29224921088,Energy,31.7,High
LEN,Lennar Corporation,7.972263,6.767039,35760066560,7812855808,3695984896,4984000000,28626671616,Consumer Cyclical,26,Medium
K,Kellanova,21.332472,68.97499,12748999680,4698999808,1343000064,2439000064,28573528064,Consumer Defensive,30.9,High
AWK,"American Water Works Company, I",27.09462,25.621052,4684000256,2825999872,1051000000,2534000128,28479406080,Utilities,19.2,Low
DTE,DTE Energy Company,20.233381,18.998611,12456999936,4337999872,1400999936,3320000000,28425814016,Utilities,31.3,High
XYL,Xylem Inc.,31.673971,24.338947,8561999872,3212000000,890000000,1683000064,28133576704,Industrials,22.9,Medium
ROK,"Rockwell Automation, Inc.",30.951433,21.801754,8093199872,3151899904,917200000,1574700032,28103161856,Industrials,20.4,Medium
EQR,Equity Residential,25.481617,41.011833,2980108032,1885543040,1032774016,1825835008,27894501376,Real Estate,12.4,Low
BR,"Broadridge Financial Solutions,",37.32445,25.468449,6682899968,2082700032,759100032,1639699968,27865735168,Technology,18.2,Low
MPWR,"Monolithic Power Systems, Inc.",15.871823,33.80384,2207099904,1220870016,1786700032,575788032,27798179840,Technology,17.1,Low
DXCM,"DexCom, Inc.",49.84507,34.866997,4032999936,2438200064,576200000,817699968,27753332736,Healthcare,20.2,Medium
ANSS,"ANSYS, Inc.",48.299232,28.733877,2544808960,2353550080,575692032,860560000,27729522688,Technology,15.2,Low
DD,"DuPont de Nemours, Inc.",37.316387,15.045559,12385999872,4531999744,743000000,3065999872,27641792512,Basic Materials,27.2,Medium
DAL,"Delta Air Lines, Inc.",7.450355,5.985755,61935001600,13333000192,3660000000,7950000128,27437170688,Industrials,30.5,High
WRB,W.R. Berkley Corporation,16.647331,16.494253,13929377792,6039561216,1731214976,2413713152,27215708160,Financial Services,21.6,Medium
ROL,"Rollins, Inc.",56.030304,49.526787,3462863104,1825090048,477232992,782566976,26907166720,Consumer Cyclical,18.6,Low
PPL,PPL Corporation,30.208332,19.808743,8462000128,3497999872,886000000,3160000000,26790635520,Utilities,26.9,Medium
AEE,Ameren Corporation,22.380089,20.10569,7324000256,3652999936,1182000000,3200999936,26724030464,Utilities,27,Medium
NUE,Nucor Corporation,13.62766,12.317308,30734000128,4120000000,2018000000,4335000064,26578956288,Basic Materials,31.9,High
IQV,"IQVIA Holdings, Inc.",20.117489,12.483844,15404999680,5375000064,1372999936,2920999936,26567143424,Healthcare,16.1,Low
TSCO,Tractor Supply Company,24.378109,4.402516,14883230720,5396556800,1101240064,1914694016,26049134592,Consumer Cyclical,13.9,Low
LVS,Las Vegas Sands Corp.,20.452515,13.312728,11201000448,8908999680,1304000000,3654500096,25869649920,Consumer Cyclical,18.6,Low
GDDY,GoDaddy Inc.,27.629402,26.888226,4573199872,2921200128,936899968,1068400000,25503449088,Technology,18.8,Low
ATO,Atmos Energy Corporation,22.875359,22.362745,4182718976,2494010880,1082935040,2092520960,25344100352,Utilities,31.2,High
MCHP,Microchip Technology Incorporat,82.666664,18.123077,4756899840,2756699904,308800000,1422099968,25342031872,Technology,24.1,Medium
CCL,Carnival Corporation,12.064517,10.872093,25423998976,13731999744,2052000000,6383000064,25335883776,Consumer Cyclical,21.9,Medium
IRM,Iron Mountain Incorporated (Del,139.86885,43.530613,6149908992,3453360128,180156000,2042212992,25166669824,Real Estate,14.2,Low
IP,International Paper Company,30.33758,15.876667,18619000832,5331999744,557000000,2040000000,25142734848,Consumer Cyclical,22.2,Medium
KEYS,Keysight Technologies Inc.,41.20057,20.629843,5017999872,3140000000,611000000,1116000000,24848494592,Technology,8.9,Negligible
CNP,"CenterPoint Energy, Inc (Holdin",25.608109,21.78161,8643000320,3993999872,1019000000,3328999936,24738392064,Utilities,25,Medium
CHD,"Church & Dwight Company, Inc.",42.282703,26.865952,6107100160,2790099968,585299968,1372400000,24662683648,Consumer Defensive,22.7,Medium
FE,FirstEnergy Corp.,24.870586,14.629757,13285999616,9326999552,978000000,4152999936,24400887808,Utilities,27.5,Medium
SBAC,SBA Communications Corporation,32.155846,24.300982,2679633920,2071960960,749536000,1794579968,24072960000,Real Estate,11.8,Low
HPQ,HP Inc.,9.111511,7.0361114,53878001664,11770000384,2718000128,4934000128,23878666240,Technology,10.6,Low
VRSN,"VeriSign, Inc.",31.53433,29.201157,1557400064,1366000000,785699968,1095100032,23775739904,Technology,20.8,Medium
PPG,"PPG Industries, Inc.",18.204546,11.766101,15845000192,6640000000,1344000000,2736000000,23634907136,Basic Materials,22.3,Medium
DRI,"Darden Restaurants, Inc.",22.572073,18.98106,11762299904,2534500096,1057000000,1855299968,23456692224,Consumer Cyclical,28.6,Medium
FTV,Fortive Corporation,29.20339,16.527576,6231799808,3731000064,832899968,1686800000,23424253952,Technology,30.6,High
ADM,Archer-Daniels-Midland Company,13.364383,9.621302,85530001408,5777999872,1800000000,3063000064,23422009344,Consumer Defensive,33.7,High
DOV,Dover Corporation,22.569149,18.036133,7745909248,2996613888,1399968000,1628806016,23269292032,Industrials,25.3,Medium
TYL,"Tyler Technologies, Inc.",80.01508,48.984303,2190608896,979176000,289908000,430240000,22868051968,Technology,17.9,Low
VLTO,Veralto Corp,27.467066,24.463999,5192999936,3104999936,833000000,1287000064,22756290560,Industrials,23.9,Medium
CPAY,"Corpay, Inc.",23.041517,14.512625,3974588928,3105504000,1003745984,2106753024,22612742144,Technology,22.5,Medium
UAL,"United Airlines Holdings, Inc.",6.2829847,5.711332,57736998912,20137000960,3660000000,8504000000,22551799808,Industrials,27,Medium
EIX,Edison International,17.583082,10.210526,17599000576,9150000128,1284000000,6394999808,22408396800,Utilities,24,Medium
MTD,"Mettler-Toledo International, I",26.523563,25.234743,3872360960,2325583104,863139968,1212375040,22404075520,Healthcare,10.7,Low
CBOE,"Cboe Global Markets, Inc.",29.49792,23.167755,4094500096,2072400000,761000000,1305500032,22270146560,Financial Services,21.5,Medium
STE,STERIS plc (Ireland),36.39068,22.70311,5398370816,2365157120,616590016,1421453056,22239068160,Healthcare,23.2,Medium
CMS,CMS Energy Corporation,21.93491,20.709497,7514999808,3208999936,993000000,2702000128,22176387072,Utilities,25.8,Medium
TSN,"Tyson Foods, Inc.",20.75,17.54857,53612998656,4198000128,1052000000,3403000064,21877434368,Consumer Defensive,36.8,High
NRG,"NRG Energy, Inc.",21.26453,15.378261,28130000896,6030000128,1058000000,3492000000,21611106304,Utilities,34.3,High
TDY,Teledyne Technologies Incorpora,26.251001,21.39469,5769800192,2474400000,829299968,1390099968,21504593920,Technology,34.3,High
ES,Eversource Energy (D/B/A),25.784142,12.244769,11900809216,6151804928,811652992,4254611968,21485307904,Utilities,18.1,Low
FOXA,Fox Corporation,10.519314,13.142091,15180999680,5552999936,2184999936,3380999936,21454338048,Communication Services,11.9,Low
ERIE,Erie Indemnity Company,35.572674,30.502241,3795115008,676454976,600313984,766337984,21372450816,Financial Services,27.9,Medium
HPE,Hewlett Packard Enterprise Comp,7.7788467,7.7047625,31225999360,9738999808,2764999936,5056999936,21253726208,Technology,11.7,Low
SMCI,"Super Micro Computer, Inc.",15.569566,8.445756,20819873792,2588998912,1444626048,1595795968,21252556800,Technology,19.3,Low
CINF,Cincinnati Financial Corporatio,9.322314,18.466576,11336999936,3036000000,2292000000,3040999936,21192636416,Financial Services,23.1,Medium
NVR,"NVR, Inc.",14.727636,13.795734,10742590464,2685158912,1587234944,2092925696,21044844544,Consumer Cyclical,21,Medium
DOW,Dow Inc.,74.4,9.569132,42964000768,4680999936,1104000000,5071000064,21036214272,Basic Materials,20,Low
CDW,CDW Corporation,19.967337,15.705534,20998699008,4602399744,1077799936,1952000000,20943046656,Technology,7.5,Negligible
INVH,Invitation Homes Inc.,45.770267,45.770267,2590497024,1517734016,453164000,1427758976,20807391232,Real Estate,16,Low
DG,Dollar General Corporation,18.35812,15.081994,40612306944,12017497088,1125252992,2912476928,20633227264,Consumer Defensive,21.2,Medium
PHM,"PulteGroup, Inc.",7.263418,7.6185184,17890439168,5117159936,2943085056,3852910080,20613916672,Consumer Cyclical,19.9,Low
EXPE,"Expedia Group, Inc.",17.826817,11.110724,13690999808,12248000512,1234000000,1831000064,20352995328,Consumer Cyclical,21.4,Medium
WAT,Waters Corporation,31.841124,26.349575,2958386944,1758185984,637833984,1029350976,20270219264,Healthcare,9.6,Negligible
DVN,Devon Energy Corporation,6.9013157,7.0560536,15171000320,8015000064,2891000064,7389000192,20245563392,Energy,31.6,High
MKC,"McCormick & Company, Incorporat",25.865517,24.041668,6726499840,2595699968,784800000,1260499968,20117608448,Consumer Defensive,27.9,Medium
ZBH,"Zimmer Biomet Holdings, Inc.",22.911964,11.802325,7678600192,5498899968,903800000,2590299904,20080861184,Healthcare,26.2,Medium
TROW,"T. Rowe Price Group, Inc.",9.783607,9.57433,7093600256,3684100096,2044300032,2824100096,19895103488,Financial Services,17.4,Low
DGX,Quest Diagnostics Incorporated,22.233881,18.019466,10158000128,3356000000,892000000,1975000064,19633246208,Healthcare,21.7,Medium
IFF,International Flavors & Fragran,80.67368,16.62473,11484000256,4124000000,243000000,1738000000,19599529984,Basic Materials,23.1,Medium
CTRA,Coterra Energy Inc.,16.973333,10.927038,5244000256,3827000064,1120000000,3225999872,19453884416,Energy,32.7,High
HUBB,Hubbell Inc,25.054241,20.33183,5628499968,1913400064,776300032,1312899968,19301425152,Industrials,17.9,Low
MAA,Mid-America Apartment Communiti,35.43556,38.4241,2191014912,1298882944,523780000,1243153024,19131373568,Real Estate,11.7,Low
LYB,LyondellBasell Industries NV,14.311595,6.881533,40301998080,4563999744,1350000000,4128999936,19128092672,Basic Materials,19.8,Low
STLD,"Steel Dynamics, Inc.",16.760527,12.687251,17215582208,2308332032,1170243968,1964616960,19093878784,Basic Materials,31.4,High
ESS,"Essex Property Trust, Inc.",23.989594,45.946846,1822656000,1254840064,741521984,1155938048,19082635264,Real Estate,13.2,Low
WSM,"Williams-Sonoma, Inc.",17.204544,18.622385,7711541248,3582298880,1125250944,1663885952,18699261952,Consumer Cyclical,11.4,Low
NI,NiSource Inc,24.493828,21.333334,5455099904,2822400000,738099968,2391300096,18673606656,Utilities,20.6,Medium
LDOS,"Leidos Holdings, Inc.",15.80456,13.929187,16661999616,2798000128,1254000000,2104999936,18662830080,Technology,17.3,Low
LII,"Lennox International, Inc.",23.363798,22.433645,5366799872,1760400000,802899968,1119500032,18595809280,Industrials,22.4,Medium
WY,Weyerhaeuser Company,47.22222,29.651163,7123999744,1312999936,396000000,1171000064,18509150208,Real Estate,15.3,Low
HAL,Halliburton Company,8.874476,6.5261536,22556999680,4097999872,2099000064,4727000064,18282616832,Energy,23.8,Medium
PTC,PTC Inc.,46.658463,21.662857,2313385984,1866792960,392177984,693000000,18245931008,Technology,18.5,Low
PODD,Insulet Corporation,44.87543,67.02326,2071600000,1445699968,418300000,389700000,18215245824,Healthcare,21.4,Medium
NTAP,"NetApp, Inc.",16.327778,11.631926,6508000256,4595999744,1136999936,1619000064,18196258816,Technology,14.2,Low
L,Loews Corporation,13.453979,29.737928,17510000640,6426999808,1414000000,2840000000,18139893760,Financial Services,28.6,Medium
GPN,Global Payments Inc.,11.698051,5.6296873,10105893888,6355078144,1570365056,4402310144,17717823488,Industrials,20.2,Medium
STX,Seagate Technology Holdings PLC,15.098182,8.560825,8034999808,2551000064,1179000064,1608000000,17580150784,Technology,11.6,Low
BIIB,Biogen Inc.,10.699194,7.1734695,9675899904,7365499904,1632199936,2995699968,17493276672,Healthcare,20.5,Medium
DLTR,"Dollar Tree, Inc.",16.817806,13.404291,17578500096,6294400000,1042499968,2040999936,17471193088,Consumer Defensive,17.7,Low
ULTA,"Ulta Beauty, Inc.",15.21806,16.874945,11295653888,4832588800,1201117952,1831708032,17423929344,Consumer Cyclical,13.8,Low
PKG,Packaging Corporation of Americ,19.718914,16.789146,8544799744,1870400000,856000000,1764625024,16970331136,Consumer Cyclical,17.8,Low
CLX,Clorox Company (The),37.485016,18.871058,7165000192,3188999936,457000000,1248999936,16947249152,Consumer Defensive,23.4,Medium
MOH,Molina Healthcare Inc,15.152584,12.205757,40379998208,4887000064,1176000000,1835000064,16945739776,Healthcare,22.8,Medium
PFG,Principal Financial Group Inc,11.227545,8.886256,16127699968,7283800064,1571000064,2176100096,16872899584,Financial Services,10.4,Low
ON,ON Semiconductor Corporation,11.008264,9.249999,7082299904,3216100096,1572800000,2552000000,16865077248,Technology,21.3,Medium
DECK,Deckers Outdoor Corporation,17.962664,17.397799,4923590144,2845370880,942225024,1226205056,16793793536,Consumer Cyclical,14.2,Low
DPZ,Domino's Pizza Inc,29.237267,27.662699,4706416128,1338648960,584169984,934988992,16735906816,Consumer Cyclical,31.1,High
HRL,Hormel Foods Corporation,21.876812,17.863905,11912698880,1992781952,756750016,1317444992,16601874432,Consumer Defensive,26.1,Medium
COO,"The Cooper Companies, Inc.",39.893723,20.240196,3928499968,2632100096,415400000,1106099968,16512448512,Healthcare,14.8,Low
GPC,Genuine Parts Company,19.2266,13.824084,23569006592,8630130688,849574016,1902893056,16250920960,Consumer Cyclical,12.3,Low
SNA,Snap-On Incorporated,16.260595,15.444333,5069700096,2638599936,1020899968,1449900032,16248904704,Industrials,30.9,High
FDS,FactSet Research Systems Inc.,30.386799,22.920235,2254222080,1220657024,542513024,852484992,16247050240,Financial Services,15.5,Low
NWSA,News Corporation,35.786667,25.320757,10252999680,5285000192,428000000,1350000000,15984267264,Communication Services,10.8,Low
LNT,Alliant Energy Corporation,22.799257,18.987617,3980999936,1840000000,690000000,1702000000,15754020864,Utilities,17.3,Low
EVRG,"Evergy, Inc.",17.96842,16.90099,5847300096,3034599936,873500032,2621900032,15705286656,Utilities,29.2,Medium
JBL,Jabil Inc.,32.912163,14.598402,27451000832,2452999936,484000000,1986000000,15686325248,Technology,9,Negligible
UDR,"UDR, Inc.",159.88461,88.44681,1700177024,1131410048,84750000,1003089024,15666983936,Real Estate,15.4,Low
FFIV,"F5, Inc.",26.656063,17.412987,2890011904,2328243968,594841024,811052032,15460040704,Technology,16.3,Low
GEN,Gen Digital Inc.,24.568628,10.228571,3900999936,3134000128,641000000,2208999936,15444502528,Technology,14.6,Low
EXPD,Expeditors International of Was,19.4021,20.628252,10600514560,1410130048,810073024,1102413056,15288271872,Industrials,18.4,Low
WST,"West Pharmaceutical Services, I",33.111633,28.003988,2893199872,998499968,492700000,749000000,15224120320,Healthcare,17.6,Low
LUV,Southwest Airlines Company,29.730337,16.641508,27581999104,6089999872,547000000,1828999936,15185763328,Industrials,28.6,Medium
TRMB,Trimble Inc.,10.123153,20.68792,3683300096,2493199872,1504400000,712200000,15153077248,Technology,9.5,Negligible
J,Jacobs Solutions Inc.,33.423496,18.395489,11623669760,2898583040,459856992,1243113984,14990808064,Industrials,23.9,Medium
OMC,Omnicom Group Inc.,10.433061,8.83912,15749000192,2937600000,1449699968,2527500032,14955843584,Communication Services,14.6,Low
PNR,Pentair plc.,23.302326,18.593815,4076000000,1616400000,647000000,1037200000,14837045248,Industrials,22,Medium
FSLR,"First Solar, Inc.",11.351081,6.5407476,4206288896,1857863936,1292044032,1817233024,14631825408,Technology,17.3,Low
BALL,Ball Corporation,36.87591,14.311615,11795000320,2440999936,424000000,1794000000,14265787392,Consumer Cyclical,13.6,Low
TPR,"Tapestry, Inc.",19.854652,14.34874,6776399872,5066599936,795699968,1511200000,14139125760,Consumer Cyclical,13.1,Low
WDC,Western Digital Corporation,11.609826,4.559591,15601000448,5402999808,1211000064,2996000000,13972089856,Technology,9.7,Negligible
AMCR,Amcor plc,17.25,12.227847,13539999744,2731000064,795000000,1907000064,13961984000,Consumer Cyclical,14.7,Low
BBY,"Best Buy Co., Inc.",15.42056,9.649122,41528000512,9384999936,927000000,2600000000,13950419968,Consumer Cyclical,13.7,Low
KIM,Kimco Realty Corporation (HC),37.145454,29.185715,2037014016,1399361024,371260992,1231516032,13882165248,Real Estate,11.2,Low
BLDR,"Builders FirstSource, Inc.",13.345474,10.378541,16400491520,5383044096,1077897984,2157178112,13752666112,Industrials,26.7,Medium
AVY,Avery Dennison Corporation,19.956322,16.503801,8752700416,2520000000,698800000,1428700032,13710076928,Consumer Cyclical,11,Low
RL,Ralph Lauren Corporation,20.086678,16.908602,6949600256,4731299840,704600000,1114700032,13597387776,Consumer Cyclical,13.9,Low
ALGN,"Align Technology, Inc.",32.788258,17.96004,3999012096,2802959104,421361984,820598016,13490462720,Healthcare,18.6,Low
ARE,Alexandria Real Estate Equities,42.922226,22.459303,3123452928,2214188032,309555008,1960150016,13365130240,Real Estate,13.2,Low
JBHT,"J.B. Hunt Transport Services, I",24.1343,18.520891,12064594944,2271185920,561132992,1583966208,13190950912,Industrials,14.3,Low
HOLX,"Hologic, Inc.",18.446203,12.349577,4039000064,2460999936,744000000,1279100032,13157394432,Healthcare,21.8,Medium
DOC,"Healthpeak Properties, Inc.",52.249996,75.24,2700449024,1623234048,242384000,1456178048,13147568128,Real Estate,11.6,Low
IEX,IDEX Corporation,26.173193,20.397886,3268800000,1454800000,505000000,881400000,13128808448,Industrials,30.6,High
REG,Regency Centers Corporation,33.86256,34.02381,1503291008,1070238976,386737984,939750976,13048413184,Real Estate,11.3,Low
CF,"CF Industries Holdings, Inc.",11.468843,12.508092,5936000000,2056000000,1218000000,2649999872,12867900416,Basic Materials,31.5,High
PAYC,"Paycom Software, Inc.",25.320627,25.901375,1883200000,1615800064,502000000,579600000,12777781248,Technology,18.9,Low
MAS,Masco Corporation,16.475409,13.642533,7703000064,2799000064,793000000,1487000064,12719802368,Industrials,22.3,Medium
TKO,"TKO Group Holdings, Inc.",7764,47.925926,2804340992,1904466048,9408000,675744000,12663673856,Communication Services,16.9,Low
JKHY,"Jack Henry & Associates, Inc.",31.032373,27.30063,2273303040,941524992,405208000,577065024,12577768448,Technology,18.7,Low
ZBRA,Zebra Technologies Corporation,23.976423,15.216957,4981000192,2412999936,528000000,937000000,12483056640,Technology,9.9,Negligible
TER,"Teradyne, Inc.",23.283134,18.188236,2819879936,1648926976,542371968,667713984,12432391168,Technology,16.1,Low
CPT,Camden Property Trust,75.50993,70.38271,1555399040,956062976,162998000,883697984,12405261312,Real Estate,14.4,Low
TXT,Textron Inc.,15.299549,10.138806,13701999616,2483000064,825000000,1480999936,12337514496,Industrials,33.1,High
ALLE,Allegion plc,19.5941,17.908857,3772199936,1668499968,597500032,896800000,12004737024,Industrials,20.8,Medium
CAG,"ConAgra Brands, Inc.",36.64706,9.263941,11736899584,3129900032,329100000,2138700032,11895860224,Consumer Defensive,27.5,Medium
JNPR,"Juniper Networks, Inc.",41.31395,17.944443,5073600000,2981499904,287900000,520700000,11876860928,Technology,12.9,Low
TAP,Molson Coors Beverage Company,10.906542,9.839798,11626999808,4533400064,1122400000,2476699904,11832155136,Consumer Defensive,27.6,Medium
SOLV,Solventum Corporation,24.46739,12.211573,8254000128,4611999744,479000000,1647000064,11682892800,Healthcare,19.2,Low
BXP,"BXP, Inc.",733.6666,35.31016,3380318976,2056595968,14272000,1896612992,11646964736,Real Estate,12,Low
AKAM,"Akamai Technologies, Inc.",24.220182,11.856287,3991168000,2370374912,504918016,1116018048,11572307968,Technology,13.3,Low
RVTY,"Revvity, Inc.",41.36087,18.436047,2755025920,1537659008,283071008,837635008,11429583872,Healthcare,15.6,Low
INCY,Incyte Corporation,393.13333,9.604235,4241217024,1484626048,32615000,177596992,11412110336,Healthcare,23.6,Medium
UHS,"Universal Health Services, Inc.",10.338681,9.581498,15827935232,6721461760,1142046976,2269803008,11345269760,Healthcare,30.7,High
PNW,Pinnacle West Capital Corporati,18.030537,20.188036,5124915200,2137192960,608806016,2017117056,11263433728,Utilities,26,Medium
DVA,DaVita Inc.,13.006524,12.383318,12815550464,4217029120,936342016,2678688000,11164800000,Healthcare,21.8,Medium
CPB,The Campbell's Company,21.225433,10.768329,10119000064,3148999936,521000000,1867000064,10949243904,Consumer Defensive,26.3,Medium
POOL,Pool Corporation,27.031836,23.998339,5310952960,1575346944,432075008,661788032,10889244672,Industrials,10.9,Low
CHRW,"C.H. Robinson Worldwide, Inc.",23.841969,19.334032,17724956672,1332621952,465689984,763001984,10880431104,Industrials,17.4,Low
NDSN,Nordson Corporation,24.103052,18.198847,2672147968,1473597952,452364000,801489024,10781921280,Industrials,24.1,Medium
GL,Globe Life Inc.,10.369875,9.145388,5778068992,1888572032,1070761984,1502304000,10315447296,Financial Services,23.6,Medium
KMX,CarMax Inc,20.46106,17.421751,28207319040,3479650048,500556000,1083725952,10028284928,Consumer Cyclical,11,Low
BEN,"Franklin Resources, Inc.",29.296875,7.211539,8738499584,3332800000,338800000,1718400000,9851212800,Financial Services,19.7,Low
AIZ,"Assurant, Inc.",13.369551,10.780692,11877499904,1314400000,760200000,1263200000,9827169280,Financial Services,23.5,Medium
HST,"Host Hotels & Resorts, Inc.",14.070707,14.360825,5690999808,1656999936,697000000,1540000000,9787650048,Real Estate,12.9,Low
LKQ,LKQ Corporation,13.8513,10.292817,14355000320,5625999872,690000000,1752999936,9624257536,Consumer Cyclical,11,Low
SWK,"Stanley Black & Decker, Inc.",32.761906,11.278688,15365699584,4562100224,286300000,1545500032,9568992256,Industrials,26.2,Medium
SWKS,"Skyworks Solutions, Inc.",18.923077,9.609375,4044999936,1656099968,526700000,964499968,9444862976,Technology,24.1,Medium
AOS,A.O. Smith Corporation,17.988981,16.044226,3818099968,1456099968,533600000,777500032,9372443648,Industrials,26.8,Medium
EMN,Eastman Chemical Company,10.537158,9.289656,9381999616,2296999936,905000000,1892000000,9331477504,Basic Materials,33.6,High
IPG,"Interpublic Group of Companies,",19.145039,9.12,9187600384,2055299968,689500032,1692700032,9272953856,Communication Services,8.7,Negligible
MOS,Mosaic Company (The),52.6,11.760162,11122799616,1511900032,174900000,1758200064,9177464832,Basic Materials,37.3,High
DAY,"Dayforce, Inc.",520.63635,25.914026,1760000000,892499968,18100000,240300000,9063664640,Technology,16.2,Low
MGM,MGM Resorts International,13.091666,13.66087,17240545280,7847004160,743651968,2493521920,8972012544,Consumer Cyclical,24.3,Medium
EPAM,"EPAM Systems, Inc.",20.156887,14.122431,4727940096,1452843008,454532992,692928000,8948606976,Technology,27.1,Medium
HII,"Huntington Ingalls Industries, ",15.895415,14.151785,11534999552,1450000000,550000000,991000000,8706379776,Industrials,34,High
WYNN,"Wynn Resorts, Limited",18.754025,16.250996,7127961088,3103366912,501078016,1800322048,8661103616,Consumer Cyclical,22.2,Medium
HAS,"Hasbro, Inc.",19.924091,13.62754,4135500032,2622500096,385600000,912600000,8459406336,Consumer Cyclical,7.3,Negligible
FRT,Federal Realty Investment Trust,27.9269,31.11075,1205612032,821348992,285892992,750755008,8250956288,Real Estate,12.4,Low
MKTX,"MarketAxess Holdings, Inc.",29.930042,26.511545,817097024,509440992,274180992,414694016,8116973568,Financial Services,16,Low
HSIC,"Henry Schein, Inc.",21.714756,12.73654,12673000448,4016000000,390000000,1014000000,8113970176,Healthcare,14.5,Low
TECH,Bio-Techne Corp,51.816326,23.187214,1196016000,792003008,158104000,309534016,8027708416,Healthcare,27.2,Medium
NCLH,Norwegian Cruise Line Holdings ,9.074074,8.205742,9479651328,3790955008,910257024,2439040000,7602646528,Consumer Cyclical,20,Medium
MTCH,"Match Group, Inc.",14.945545,12.173388,3479373056,2490416128,551276032,984985984,7560451584,Communication Services,16.9,Low
LW,"Lamb Weston Holdings, Inc.",20.62745,10.562248,6387400192,1520400000,367000000,1227500032,7422701568,Consumer Defensive,22.5,Medium
AES,The AES Corporation,4.2700424,4.985222,12277999616,2313999872,1686000000,3280000000,7204508672,Utilities,24.3,Medium
MHK,"Mohawk Industries, Inc.",13.402947,9.784754,10836899840,2767399936,517700000,1445200000,6820451840,Consumer Cyclical,13.6,Low
GNRC,Generac Holdlings Inc.,21.115028,13.862363,4295834112,1665625984,325256000,708510016,6784669184,Industrials,21.9,Medium
IVZ,Invesco Ltd,11.256,7.444444,6066999808,1700499968,538000000,1211800064,6297732096,Financial Services,21.6,Medium
ENPH,"Enphase Energy, Inc.",41.972477,12.5,1423128064,524371008,148484992,225983008,6002720256,Technology,19.9,Low
APA,APA Corporation,7.162996,5.9127274,9472000000,6552999936,804000000,5629000192,5880656896,Energy,38.3,High
CRL,Charles River Laboratories Inte,578.8,11.260701,4049989120,1407945984,10297000,898196992,5685633536,Healthcare,18.1,Low
